{
	"credit": "Made with Blockbench",
	"texture_size": [32, 32],
	"textures": {
		"0": "texturecontainerfixed5",
		"2": "textureropesfixed",
		"particle": "textureropesfixed"
	},
	"elements": [
		{
			"from": [1, 0, 1],
			"to": [15, 1, 15],
			"rotation": {"angle": 0, "axis": "y", "origin": [2, 0, 5]},
			"faces": {
				"north": {"uv": [9, 6.25, 12.5, 6.5], "texture": "#0"},
				"east": {"uv": [9, 6.5, 12.5, 6.75], "texture": "#0"},
				"south": {"uv": [9, 7.75, 12.5, 8], "texture": "#0"},
				"west": {"uv": [0, 9.25, 3.5, 9.5], "texture": "#0"},
				"up": {"uv": [3.5, 3.5, 0, 0], "texture": "#0"},
				"down": {"uv": [11.5, 8, 8, 11.5], "texture": "#0"}
			}
		},
		{
			"from": [1, 1, 1],
			"to": [15, 5, 2],
			"rotation": {"angle": 0, "axis": "x", "origin": [2, 2, 2]},
			"faces": {
				"north": {"uv": [3.5, 4.5, 0, 3.5], "rotation": 180, "texture": "#0"},
				"east": {"uv": [3.5, 0.5, 4.5, 0.75], "rotation": 90, "texture": "#0"},
				"south": {"uv": [3.5, 8.25, 0, 9.25], "texture": "#0"},
				"west": {"uv": [3.5, 0.75, 4.5, 1], "rotation": 270, "texture": "#0"},
				"up": {"uv": [0, 9.5, 3.5, 9.75], "texture": "#0"},
				"down": {"uv": [3.5, 9.25, 7, 9.5], "rotation": 180, "texture": "#0"}
			}
		},
		{
			"from": [1, 1, 14],
			"to": [15, 5, 15],
			"rotation": {"angle": 0, "axis": "x", "origin": [2, 2, 15]},
			"faces": {
				"north": {"uv": [7, 9.25, 3.5, 8.25], "rotation": 180, "texture": "#0"},
				"east": {"uv": [3.5, 1, 4.5, 1.25], "rotation": 90, "texture": "#0"},
				"south": {"uv": [12, 0, 8.5, 1], "texture": "#0"},
				"west": {"uv": [3.5, 1.25, 4.5, 1.5], "rotation": 270, "texture": "#0"},
				"up": {"uv": [9.5, 1.25, 13, 1.5], "texture": "#0"},
				"down": {"uv": [9.5, 1, 13, 1.25], "rotation": 180, "texture": "#0"}
			}
		},
		{
			"from": [14, 1, 2],
			"to": [15, 5, 14],
			"rotation": {"angle": 0, "axis": "z", "origin": [14, 2, 6]},
			"faces": {
				"north": {"uv": [3.5, 0.25, 4.5, 0.5], "rotation": 270, "texture": "#0"},
				"east": {"uv": [12, 3.25, 9, 2.25], "rotation": 180, "texture": "#0"},
				"south": {"uv": [3.5, 0, 4.5, 0.25], "rotation": 90, "texture": "#0"},
				"west": {"uv": [12, 3.25, 9, 4.25], "texture": "#0"},
				"up": {"uv": [9.5, 1.75, 12.5, 2], "rotation": 90, "texture": "#0"},
				"down": {"uv": [9.5, 1.5, 12.5, 1.75], "rotation": 90, "texture": "#0"}
			}
		},
		{
			"from": [1, 1, 2],
			"to": [2, 5, 14],
			"rotation": {"angle": 0, "axis": "z", "origin": [1, 2, 6]},
			"faces": {
				"north": {"uv": [3.5, 1.75, 4.5, 2], "rotation": 270, "texture": "#0"},
				"east": {"uv": [12, 5.25, 9, 4.25], "rotation": 180, "texture": "#0"},
				"south": {"uv": [3.5, 1.5, 4.5, 1.75], "rotation": 90, "texture": "#0"},
				"west": {"uv": [12, 5.25, 9, 6.25], "texture": "#0"},
				"up": {"uv": [3.5, 9.5, 6.5, 9.75], "rotation": 90, "texture": "#0"},
				"down": {"uv": [9.5, 2, 12.5, 2.25], "rotation": 90, "texture": "#0"}
			}
		},
		{
			"from": [7, 5, 1],
			"to": [9, 17, 2],
			"rotation": {"angle": 0, "axis": "y", "origin": [7, 5, 0]},
			"faces": {
				"north": {"uv": [0, 0, 1, 6], "texture": "#2"},
				"east": {"uv": [1, 6, 1.5, 12], "texture": "#2"},
				"south": {"uv": [1, 0, 2, 6], "texture": "#2"},
				"west": {"uv": [1.5, 6, 2, 12], "texture": "#2"},
				"up": {"uv": [6, 6.5, 5, 6], "texture": "#2"},
				"down": {"uv": [7, 6, 6, 6.5], "texture": "#2"}
			}
		},
		{
			"from": [7, 5, 14],
			"to": [9, 17, 15],
			"rotation": {"angle": 0, "axis": "y", "origin": [7, 5, 13]},
			"faces": {
				"north": {"uv": [2, 0, 3, 6], "texture": "#2"},
				"east": {"uv": [2, 6, 2.5, 12], "texture": "#2"},
				"south": {"uv": [3, 0, 4, 6], "texture": "#2"},
				"west": {"uv": [2.5, 6, 3, 12], "texture": "#2"},
				"up": {"uv": [6, 7, 5, 6.5], "texture": "#2"},
				"down": {"uv": [7, 6.5, 6, 7], "texture": "#2"}
			}
		},
		{
			"from": [1, 5, 7],
			"to": [2, 17, 9],
			"rotation": {"angle": 0, "axis": "y", "origin": [0, 5, 9]},
			"faces": {
				"north": {"uv": [4, 6, 4.5, 12], "texture": "#2"},
				"east": {"uv": [0, 6, 1, 12], "texture": "#2"},
				"south": {"uv": [4.5, 6, 5, 12], "texture": "#2"},
				"west": {"uv": [6, 0, 7, 6], "texture": "#2"},
				"up": {"uv": [7.5, 3, 7, 2], "texture": "#2"},
				"down": {"uv": [7.5, 3, 7, 4], "texture": "#2"}
			}
		},
		{
			"from": [14, 5, 7],
			"to": [15, 17, 9],
			"rotation": {"angle": 0, "axis": "y", "origin": [13, 5, 9]},
			"faces": {
				"north": {"uv": [3, 6, 3.5, 12], "texture": "#2"},
				"east": {"uv": [4, 0, 5, 6], "texture": "#2"},
				"south": {"uv": [3.5, 6, 4, 12], "texture": "#2"},
				"west": {"uv": [5, 0, 6, 6], "texture": "#2"},
				"up": {"uv": [7.5, 1, 7, 0], "texture": "#2"},
				"down": {"uv": [7.5, 1, 7, 2], "texture": "#2"}
			}
		}
	],
	"groups": [
		{
			"name": "dirt",
			"origin": [2, 2, 2],
			"color": 0,
			"children": []
		},
		{
			"name": "tray",
			"origin": [8, 0, 8],
			"color": 0,
			"children": [0, 1, 2, 3, 4]
		},
		5,
		6,
		7,
		8
	]
}