{
  "credit": "Made with Blockbench",
  "elements": [
    {
      "from": [
        2,
        1,
        2
      ],
      "to": [
        14,
        4,
        14
      ],
      "rotation": {
        "angle": 0,
        "axis": "y",
        "origin": [
          5,
          1,
          7
        ]
      },
      "faces": {
        "north": {
          "uv": [
            3,
            0,
            6,
            0.75
          ],
          "texture": "#1"
        },
        "east": {
          "uv": [
            3,
            0.75,
            6,
            1.5
          ],
          "texture": "#1"
        },
        "south": {
          "uv": [
            3,
            1.5,
            6,
            2.25
          ],
          "texture": "#1"
        },
        "west": {
          "uv": [
            3,
            2.25,
            6,
            3
          ],
          "texture": "#1"
        },
        "up": {
          "uv": [
            3,
            3,
            0,
            0
          ],
          "texture": "#1"
        },
        "down": {
          "uv": [
            3,
            3,
            0,
            6
          ],
          "texture": "#1"
        }
      }
    },
    {
      "from": [
        1,
        0,
        1
      ],
      "to": [
        15,
        1,
        15
      ],
      "rotation": {
        "angle": 0,
        "axis": "y",
        "origin": [
          2,
          0,
          5
        ]
      },
      "faces": {
        "north": {
          "uv": [
            9,
            6.25,
            12.5,
            6.5
          ],
          "texture": "#0"
        },
        "east": {
          "uv": [
            9,
            6.5,
            12.5,
            6.75
          ],
          "texture": "#0"
        },
        "south": {
          "uv": [
            9,
            7.75,
            12.5,
            8
          ],
          "texture": "#0"
        },
        "west": {
          "uv": [
            0,
            9.25,
            3.5,
            9.5
          ],
          "texture": "#0"
        },
        "up": {
          "uv": [
            3.5,
            3.5,
            0,
            0
          ],
          "texture": "#0"
        },
        "down": {
          "uv": [
            11.5,
            8,
            8,
            11.5
          ],
          "texture": "#0"
        }
      }
    },
    {
      "from": [
        1,
        1,
        1
      ],
      "to": [
        15,
        5,
        2
      ],
      "rotation": {
        "angle": 0,
        "axis": "x",
        "origin": [
          2,
          2,
          2
        ]
      },
      "faces": {
        "north": {
          "uv": [
            3.5,
            4.5,
            0,
            3.5
          ],
          "rotation": 180,
          "texture": "#0"
        },
        "east": {
          "uv": [
            3.5,
            0.5,
            4.5,
            0.75
          ],
          "rotation": 90,
          "texture": "#0"
        },
        "south": {
          "uv": [
            3.5,
            8.25,
            0,
            9.25
          ],
          "texture": "#0"
        },
        "west": {
          "uv": [
            3.5,
            0.75,
            4.5,
            1
          ],
          "rotation": 270,
          "texture": "#0"
        },
        "up": {
          "uv": [
            0,
            9.5,
            3.5,
            9.75
          ],
          "texture": "#0"
        },
        "down": {
          "uv": [
            3.5,
            9.25,
            7,
            9.5
          ],
          "rotation": 180,
          "texture": "#0"
        }
      }
    },
    {
      "from": [
        1,
        1,
        14
      ],
      "to": [
        15,
        5,
        15
      ],
      "rotation": {
        "angle": 0,
        "axis": "x",
        "origin": [
          2,
          2,
          15
        ]
      },
      "faces": {
        "north": {
          "uv": [
            7,
            9.25,
            3.5,
            8.25
          ],
          "rotation": 180,
          "texture": "#0"
        },
        "east": {
          "uv": [
            3.5,
            1,
            4.5,
            1.25
          ],
          "rotation": 90,
          "texture": "#0"
        },
        "south": {
          "uv": [
            12,
            0,
            8.5,
            1
          ],
          "texture": "#0"
        },
        "west": {
          "uv": [
            3.5,
            1.25,
            4.5,
            1.5
          ],
          "rotation": 270,
          "texture": "#0"
        },
        "up": {
          "uv": [
            9.5,
            1.25,
            13,
            1.5
          ],
          "texture": "#0"
        },
        "down": {
          "uv": [
            9.5,
            1,
            13,
            1.25
          ],
          "rotation": 180,
          "texture": "#0"
        }
      }
    },
    {
      "from": [
        14,
        1,
        2
      ],
      "to": [
        15,
        5,
        14
      ],
      "rotation": {
        "angle": 0,
        "axis": "z",
        "origin": [
          14,
          2,
          6
        ]
      },
      "faces": {
        "north": {
          "uv": [
            3.5,
            0.25,
            4.5,
            0.5
          ],
          "rotation": 270,
          "texture": "#0"
        },
        "east": {
          "uv": [
            12,
            3.25,
            9,
            2.25
          ],
          "rotation": 180,
          "texture": "#0"
        },
        "south": {
          "uv": [
            3.5,
            0,
            4.5,
            0.25
          ],
          "rotation": 90,
          "texture": "#0"
        },
        "west": {
          "uv": [
            12,
            3.25,
            9,
            4.25
          ],
          "texture": "#0"
        },
        "up": {
          "uv": [
            9.5,
            1.75,
            12.5,
            2
          ],
          "rotation": 90,
          "texture": "#0"
        },
        "down": {
          "uv": [
            9.5,
            1.5,
            12.5,
            1.75
          ],
          "rotation": 90,
          "texture": "#0"
        }
      }
    },
    {
      "from": [
        1,
        1,
        2
      ],
      "to": [
        2,
        5,
        14
      ],
      "rotation": {
        "angle": 0,
        "axis": "z",
        "origin": [
          1,
          2,
          6
        ]
      },
      "faces": {
        "north": {
          "uv": [
            3.5,
            1.75,
            4.5,
            2
          ],
          "rotation": 270,
          "texture": "#0"
        },
        "east": {
          "uv": [
            12,
            5.25,
            9,
            4.25
          ],
          "rotation": 180,
          "texture": "#0"
        },
        "south": {
          "uv": [
            3.5,
            1.5,
            4.5,
            1.75
          ],
          "rotation": 90,
          "texture": "#0"
        },
        "west": {
          "uv": [
            12,
            5.25,
            9,
            6.25
          ],
          "texture": "#0"
        },
        "up": {
          "uv": [
            3.5,
            9.5,
            6.5,
            9.75
          ],
          "rotation": 90,
          "texture": "#0"
        },
        "down": {
          "uv": [
            9.5,
            2,
            12.5,
            2.25
          ],
          "rotation": 90,
          "texture": "#0"
        }
      }
    },
    {
      "from": [
        2,
        2,
        0
      ],
      "to": [
        4,
        8,
        1
      ],
      "rotation": {
        "angle": 0,
        "axis": "y",
        "origin": [
          2,
          2,
          0
        ]
      },
      "faces": {
        "north": {
          "uv": [
            4,
            0,
            6,
            6
          ],
          "texture": "#2"
        },
        "east": {
          "uv": [
            3,
            6,
            4,
            12
          ],
          "texture": "#2"
        },
        "south": {
          "uv": [
            0,
            6,
            2,
            12
          ],
          "texture": "#2"
        },
        "west": {
          "uv": [
            4,
            6,
            5,
            12
          ],
          "texture": "#2"
        },
        "up": {
          "uv": [
            9,
            2,
            7,
            1
          ],
          "texture": "#2"
        },
        "down": {
          "uv": [
            9,
            2,
            7,
            3
          ],
          "texture": "#2"
        }
      }
    },
    {
      "from": [
        12,
        2,
        0
      ],
      "to": [
        14,
        8,
        1
      ],
      "rotation": {
        "angle": 0,
        "axis": "y",
        "origin": [
          12,
          2,
          0
        ]
      },
      "faces": {
        "north": {
          "uv": [
            0,
            0,
            2,
            6
          ],
          "texture": "#2"
        },
        "east": {
          "uv": [
            6,
            0,
            7,
            6
          ],
          "texture": "#2"
        },
        "south": {
          "uv": [
            2,
            0,
            4,
            6
          ],
          "texture": "#2"
        },
        "west": {
          "uv": [
            2,
            6,
            3,
            12
          ],
          "texture": "#2"
        },
        "up": {
          "uv": [
            7,
            7,
            5,
            6
          ],
          "texture": "#2"
        },
        "down": {
          "uv": [
            9,
            0,
            7,
            1
          ],
          "texture": "#2"
        }
      }
    }
  ],
  "groups": [
    {
      "name": "dirt",
      "origin": [
        2,
        2,
        2
      ],
      "color": 0,
      "children": [
        0
      ]
    },
    {
      "name": "tray",
      "origin": [
        8,
        0,
        8
      ],
      "color": 0,
      "children": [
        1,
        2,
        3,
        4,
        5
      ]
    },
    6,
    7
  ]
}